{"format": "layers-model", "generatedBy": "keras v2.4.0", "convertedBy": "TensorFlow.js Converter v2.0.1.post1", "modelTopology": {"keras_version": "2.4.0", "backend": "tensorflow", "model_config": {"class_name": "Sequential", "config": {"name": "sequential", "layers": [{"class_name": "InputLayer", "config": {"batch_input_shape": [null, 28, 28], "dtype": "float32", "sparse": false, "ragged": false, "name": "input_1"}}, {"class_name": "Reshape", "config": {"name": "reshape", "trainable": true, "dtype": "float32", "target_shape": [28, 28, 1]}}, {"class_name": "Conv2D", "config": {"name": "conv2d", "trainable": true, "dtype": "float32", "filters": 8, "kernel_size": [10, 10], "strides": [1, 1], "padding": "valid", "data_format": "channels_last", "dilation_rate": [1, 1], "groups": 1, "activation": "sigmoid", "use_bias": true, "kernel_initializer": {"class_name": "GlorotUniform", "config": {"seed": null}}, "bias_initializer": {"class_name": "Zeros", "config": {}}, "kernel_regularizer": null, "bias_regularizer": null, "activity_regularizer": null, "kernel_constraint": null, "bias_constraint": null}}, {"class_name": "MaxPooling2D", "config": {"name": "max_pooling2d", "trainable": true, "dtype": "float32", "pool_size": [2, 2], "padding": "valid", "strides": [2, 2], "data_format": "channels_last"}}, {"class_name": "Conv2D", "config": {"name": "conv2d_1", "trainable": true, "dtype": "float32", "filters": 6, "kernel_size": [4, 4], "strides": [1, 1], "padding": "valid", "data_format": "channels_last", "dilation_rate": [1, 1], "groups": 1, "activation": "sigmoid", "use_bias": true, "kernel_initializer": {"class_name": "GlorotUniform", "config": {"seed": null}}, "bias_initializer": {"class_name": "Zeros", "config": {}}, "kernel_regularizer": null, "bias_regularizer": null, "activity_regularizer": null, "kernel_constraint": null, "bias_constraint": null}}, {"class_name": "MaxPooling2D", "config": {"name": "max_pooling2d_1", "trainable": true, "dtype": "float32", "pool_size": [2, 2], "padding": "valid", "strides": [2, 2], "data_format": "channels_last"}}, {"class_name": "Flatten", "config": {"name": "flatten", "trainable": true, "dtype": "float32", "data_format": "channels_last"}}, {"class_name": "Dense", "config": {"name": "dense", "trainable": true, "dtype": "float32", "units": 24, "activation": "relu", "use_bias": true, "kernel_initializer": {"class_name": "GlorotUniform", "config": {"seed": null}}, "bias_initializer": {"class_name": "Zeros", "config": {}}, "kernel_regularizer": null, "bias_regularizer": null, "activity_regularizer": null, "kernel_constraint": null, "bias_constraint": null}}, {"class_name": "Dense", "config": {"name": "dense_1", "trainable": true, "dtype": "float32", "units": 10, "activation": "softmax", "use_bias": true, "kernel_initializer": {"class_name": "GlorotUniform", "config": {"seed": null}}, "bias_initializer": {"class_name": "Zeros", "config": {}}, "kernel_regularizer": null, "bias_regularizer": null, "activity_regularizer": null, "kernel_constraint": null, "bias_constraint": null}}]}}, "training_config": {"loss": {"class_name": "MeanSquaredError", "config": {"reduction": "auto", "name": "mean_squared_error"}}, "metrics": ["accuracy"], "weighted_metrics": null, "loss_weights": null, "optimizer_config": {"class_name": "RMSprop", "config": {"name": "RMSprop", "learning_rate": 0.0010000000474974513, "decay": 0.0, "rho": 0.8999999761581421, "momentum": 0.0, "epsilon": 1e-07, "centered": false}}}}, "weightsManifest": [{"paths": ["group1-shard1of1.bin"], "weights": [{"name": "conv2d/kernel", "shape": [10, 10, 1, 8], "dtype": "float32"}, {"name": "conv2d/bias", "shape": [8], "dtype": "float32"}, {"name": "conv2d_1/kernel", "shape": [4, 4, 8, 6], "dtype": "float32"}, {"name": "conv2d_1/bias", "shape": [6], "dtype": "float32"}, {"name": "dense/kernel", "shape": [54, 24], "dtype": "float32"}, {"name": "dense/bias", "shape": [24], "dtype": "float32"}, {"name": "dense_1/kernel", "shape": [24, 10], "dtype": "float32"}, {"name": "dense_1/bias", "shape": [10], "dtype": "float32"}]}]}